{
  "totalTrades": 3300,
  "winRate": 44.72727272727273,
  "totalPL": -40809.88000000002,
  "avgPL": -12.366630303030309,
  "totalAllocation": 13290355.919999994,
  "avgAllocation": 4027.38058181818
}